﻿<?xml version="1.0" encoding="utf-8" ?>
<BaseException>

	<BusinessLogicException>
		<BL0001>"Error Occured1"</BL0001>
		<BL0002>"Error Occured2"</BL0002>
		<BL0003>"Error Occured3"</BL0003>
		<BL0004>"Error Occured4"</BL0004>
		<BL0005>"Error Occured5"</BL0005>
	</BusinessLogicException>

	<DataAccessException>
		<DA0001>"Error Occured1"</DA0001>
		<DA0002>"Error Occured2"</DA0002>
		<DA0003>"Error Occured3"</DA0003>
		<DA0004>"Error Occured4"</DA0004>
		<DA0005>"Error Occured5"</DA0005>
	</DataAccessException>

</BaseException>
